{
  "quadrants": {
    "43": [
      {
        "uuid": "D80C5AD7-F2AF-40A9-9EE9-D0913A55F5A5",
        "name": "radiomast",
        "pos": {
          "x": 7809.443968530971,
          "y": 801.6604271496668,
          "z": -11142.714866071368
        },
        "q": {
          "x": 0,
          "y": 0.4328725815204089,
          "z": 0,
          "w": 0.9014551171122481
        },
        "scale": {
          "x": 1.1000000000000068,
          "y": 1.1000000000000055,
          "z": 1.1000000000000068
        }
      }
    ],
    "44": [
      {
        "uuid": "5A8C6F55-8F4D-4B3D-A3A8-16397624FD3F",
        "name": "radiomast",
        "pos": {
          "x": 8466.705055914774,
          "y": 786.7374287916555,
          "z": -11562.021034987592
        },
        "q": {
          "x": 0,
          "y": 0,
          "z": 0,
          "w": 1
        },
        "scale": {
          "x": 1,
          "y": 1,
          "z": 1
        }
      }
    ],
    "59": [
      {
        "uuid": "23E0D0D4-61B4-48C3-9736-0E1CE8FBAF2B",
        "name": "radiomast",
        "pos": {
          "x": 7375.554716126553,
          "y": 860.5987836086681,
          "z": -10144.72778067437
        },
        "q": {
          "x": -0.010014147331722359,
          "y": -0.12501939430282675,
          "z": 0.0026952694156928698,
          "w": 0.9921000974821792
        },
        "scale": {
          "x": 0.9999999999999464,
          "y": 0.9999999999997419,
          "z": 0.9999999999999507
        }
      },
      {
        "uuid": "0745B6D5-AEB8-4052-9066-2CEFBAB2AAE0",
        "name": "radiomast",
        "pos": {
          "x": 6702.9161246093649,
          "y": 708.3696101496684,
          "z": -8677.58701376116
        },
        "q": {
          "x": 0.04093262227708009,
          "y": 0.0024139230525594519,
          "z": 0.058821292896648089,
          "w": 0.9974260618767613
        },
        "scale": {
          "x": 0.9999999999999905,
          "y": 0.99999999999998,
          "z": 0.9999999999999805
        }
      }
    ],
    "74": [
      {
        "uuid": "7E82A46A-FAC7-4401-820C-C22A77B3DC97",
        "name": "house",
        "pos": {
          "x": 5790.271483814139,
          "y": 660.0123245920789,
          "z": -7320.761554125173
        },
        "q": {
          "x": -1.841958665501565e-16,
          "y": 0.9888864987445033,
          "z": 2.7692609645833728e-17,
          "w": -0.1486724338969315
        },
        "scale": {
          "x": 3.6499999999998478,
          "y": 3.6499999999999988,
          "z": 3.6499999999998478
        }
      }
    ],
    "228": [
      {
        "uuid": "9DA08FA8-36BF-47FB-9734-971877E7D058",
        "name": "aircraft02",
        "pos": {
          "x": -6779.922,
          "y": 404.607,
          "z": 13919.604
        },
        "q": {
          "x": 0.07932538530528327,
          "y": 0.0007614924245273321,
          "z": 0.009568911561158104,
          "w": 0.9968025578352968
        },
        "scale": {
          "x": 11.5,
          "y": 11.499999999999999,
          "z": 11.5
        }
      },
      {
        "uuid": "727F6589-C4D2-4DA9-9EB1-43EFFD5784B9",
        "name": "box",
        "pos": {
          "x": -6813.863326388116,
          "y": 399.8485169505848,
          "z": 13923.981388339349
        },
        "q": {
          "x": -0.07528945189895056,
          "y": -0.09175694386721045,
          "z": -0.03885839724799186,
          "w": 0.9921704423375162
        },
        "scale": {
          "x": 0.7999999999999989,
          "y": 0.7999999999999989,
          "z": 0.7999999999999989
        }
      },
      {
        "uuid": "CF810BAA-63E7-4C19-8BEB-1F7553300C46",
        "name": "box",
        "pos": {
          "x": -6808.681183328283,
          "y": 401.67803103895906,
          "z": 13925.976313665213
        },
        "q": {
          "x": 0.0008666156035838895,
          "y": 0.00010257071597454493,
          "z": 0.1175373527029172,
          "w": 0.9930680788225114
        },
        "scale": {
          "x": 0.5,
          "y": 0.5,
          "z": 0.5
        }
      },
      {
        "uuid": "4A411A24-C309-4FB8-BF6A-C4DC7A941559",
        "name": "radiomast",
        "pos": {
          "x": -6467.197011199263,
          "y": 442.92936770034228,
          "z": 13708.936655029094
        },
        "q": {
          "x": 0,
          "y": 0,
          "z": 0,
          "w": 1
        },
        "scale": {
          "x": 1,
          "y": 1,
          "z": 1
        }
      }
    ]
  }
}
